listingId,price,area_sqft,bhk,bathrooms,parking,location,floor_number,total_floors,furnishing,facing,age_years,possession_category,possession_date,is_under_construction,data_source
SYN_00001,7640000,1219,2.0,2,1,"Subramanyapura, Bengaluru",13,18,Semi Furnished,North,1.6,Ready to Move,,False,Synthetic
SYN_00002,15130000,1498,3.0,3,1,"Aishwarya Crystal Layout, Begur",10,14,Unfurnished,Unknown,5.0,Ready to Move,,False,Synthetic
SYN_00003,25940000,1740,3.0,3,2,"Varthur, Bengaluru",1,17,Semi Furnished,East,2.9,Ready to Move,,False,Synthetic
SYN_00004,11560000,1123,2.0,2,1,"Anekal, Bengaluru",1,5,Semi Furnished,West,1.3,Ready to Move,,False,Synthetic
SYN_00005,13260000,1089,2.0,2,1,"Judicial Layout 2nd Phase, Talaghattapura",5,5,Unfurnished,Unknown,2.0,Ready to Move,,False,Synthetic
SYN_00006,22040000,1325,3.0,3,1,"Chansandra, Bengaluru",17,20,Unfurnished,Unknown,8.3,Ready to Move,,False,Synthetic
SYN_00007,11510000,1184,2.0,2,2,"Budigere Cross, Bengaluru",11,12,Semi Furnished,East,1.2,Ready to Move,,False,Synthetic
SYN_00008,26150000,1814,3.0,3,2,"Nallurhalli, Whitefield",11,14,Unfurnished,West,16.0,Ready to Move,,False,Synthetic
SYN_00009,55390000,4273,4.0,4,1,"Chikkabana Halli, Bengaluru",0,15,Unfurnished,North,30.0,Ready to Move,,False,Synthetic
SYN_00010,44520000,2565,3.0,3,1,"Maruthi Nagar, Yelahanka",5,32,Unfurnished,East,1.5,Ready to Move,,False,Synthetic
SYN_00011,31180000,1884,3.5,3,2,"Ambedkar Colony, Yelahanka",2,14,Unfurnished,West,3.1,Ready to Move,,False,Synthetic
SYN_00012,16010000,1396,2.0,2,2,"Kadagrahara, Bengaluru",3,4,Semi Furnished,North,6.0,Ready to Move,,False,Synthetic
SYN_00013,12810000,853,2.0,2,1,"Yadavanahalli, Bengaluru",24,39,Semi Furnished,East,12.7,Ready to Move,,True,Synthetic
SYN_00014,31550000,2041,4.0,3,3,"1A Block, Koramangala",6,18,Semi Furnished,East,7.2,Upcoming,2027-07-18,True,Synthetic
SYN_00015,11480000,992,2.0,2,2,"Sarjapur, Bengaluru",20,20,Semi Furnished,East,5.0,Ready to Move,,False,Synthetic
SYN_00016,14600000,1557,3.0,3,1,"Hunasamaranahalli, Bengaluru",20,23,Unfurnished,East,4.0,Ready to Move,,True,Synthetic
SYN_00017,25270000,1613,3.0,3,1,"Thigala Chowdadenahalli, Bengaluru",7,14,Semi Furnished,East,9.1,Ready to Move,,True,Synthetic
SYN_00018,12710000,1008,2.0,2,1,"Konena Agrahara, Murugeshpalya",2,8,Semi Furnished,Unknown,1.0,Ready to Move,,False,Synthetic
SYN_00019,10860000,1030,2.0,2,1,"Jyotipuram, Bengaluru",10,19,Unfurnished,East,4.5,Ready to Move,,False,Synthetic
SYN_00020,18480000,1573,3.0,3,1,"Nandi Durga Road Extension, Jayamahal",2,4,Semi Furnished,East,9.9,Ready to Move,,False,Synthetic
SYN_00021,19070000,1471,2.0,2,2,"Anchepalya, Bengaluru",10,21,Semi Furnished,Unknown,14.0,Ready to Move,,False,Synthetic
SYN_00022,15390000,1161,2.0,2,1,"Dodsworth Layout, Whitefield",11,13,Unfurnished,West,7.0,Ready to Move,,False,Synthetic
SYN_00023,17430000,1596,3.0,3,1,"Chambenahalli, Bengaluru",1,4,Semi Furnished,East,0.1,Ready to Move,,False,Synthetic
SYN_00024,33240000,1700,3.0,3,1,"Seetharampalya, Hoodi",3,4,Unfurnished,North,9.9,Ready to Move,,False,Synthetic
SYN_00025,28350000,1837,3.0,3,1,"5th Block, Koramangala",5,8,Semi Furnished,North,1.0,Ready to Move,,True,Synthetic
SYN_00026,12610000,1288,2.0,2,1,"Govinda Reddy Layout, Panduranga Nagar",0,14,Semi Furnished,Unknown,9.7,Ready to Move,,False,Synthetic
SYN_00027,5170000,983,2.0,2,2,"Hoskote, Bengaluru",5,7,Unfurnished,West,8.4,Ready to Move,,False,Synthetic
SYN_00028,21540000,1318,2.0,2,1,"Gunjur Village, Bengaluru",4,8,Semi Furnished,North,1.7,Ready to Move,,False,Synthetic
SYN_00029,15710000,1031,3.0,3,1,"Rays Of Dawn, Kambipura",2,18,Semi Furnished,West,16.8,Ready to Move,,False,Synthetic
SYN_00030,12550000,1221,2.0,2,1,"Samethanahalli, Bengaluru",0,4,Semi Furnished,North-East,4.2,Ready to Move,,False,Synthetic
SYN_00031,16860000,1059,3.0,3,1,"Industrial Suburb, Yeswanthpur",0,5,Semi Furnished,East,0.9,Ready to Move,,False,Synthetic
SYN_00032,17530000,1996,3.0,3,2,"Chowdeshwari Layout, Yelahanka",18,21,Semi Furnished,West,1.6,Ready to Move,,False,Synthetic
SYN_00033,16160000,1066,2.0,2,1,"Sarjapur, Bengaluru",3,4,Semi Furnished,North,0.5,Ready to Move,,False,Synthetic
SYN_00034,28720000,1993,3.0,3,1,"Ardendale, Kannamangala - Whitefield Hoskote Road",6,14,Semi Furnished,West,2.0,Ready to Move,,False,Synthetic
SYN_00035,8380000,654,1.0,1,0,"Sarjapur, Bengaluru",27,28,Semi Furnished,North,0.6,Ready to Move,,False,Synthetic
SYN_00036,20210000,1294,3.0,2,1,"Chikkabana Halli, Bengaluru",2,30,Unfurnished,Unknown,1.8,Ready to Move,,False,Synthetic
SYN_00037,10470000,829,2.0,2,1,"Thirumalashettyhally, Bengaluru",1,11,Unfurnished,East,8.9,Ready to Move,,False,Synthetic
SYN_00038,18150000,1379,3.0,3,1,"Devasthanagalu, Varthur",3,4,Semi Furnished,North,5.0,Upcoming,2027-07-29,True,Synthetic
SYN_00039,13390000,1305,2.0,2,1,"Dodsworth Layout, Whitefield",4,5,Semi Furnished,West,1.0,Ready to Move,,False,Synthetic
SYN_00040,13280000,1012,2.0,1,1,"Budigere Cross, Bengaluru",12,14,Semi Furnished,East,12.7,Ready to Move,,False,Synthetic
SYN_00041,14090000,892,2.0,2,1,"Sarjapur, Bengaluru",1,9,Semi Furnished,East,6.8,Ready to Move,,False,Synthetic
SYN_00042,25650000,1329,2.0,2,1,"Bhoganhalli, Bengaluru",19,20,Unfurnished,Unknown,9.1,Ready to Move,,False,Synthetic
SYN_00043,14950000,1123,2.0,2,1,"Kannuru, Bengaluru",8,12,Semi Furnished,East,8.5,Ready to Move,,False,Synthetic
SYN_00044,16280000,1963,3.0,3,1,"Shriram Sameeksha, Singapura",17,21,Unfurnished,Unknown,9.9,Upcoming,2027-01-25,True,Synthetic
SYN_00045,14220000,1310,3.0,3,1,"Medahalli, Bengaluru",1,10,Unfurnished,East,13.0,Ready to Move,,False,Synthetic
SYN_00046,9080000,1311,2.0,2,1,"Phase 1, Whitefield",9,14,Unfurnished,North,27.7,Ready to Move,,False,Synthetic
SYN_00047,15630000,1049,3.0,3,1,"Dodsworth Layout, Whitefield",1,4,Unfurnished,North,0.7,Ready to Move,,False,Synthetic
SYN_00048,13790000,1418,2.0,2,1,"Gummanahalli, Bengaluru",8,16,Semi Furnished,Unknown,1.0,Ready to Move,,False,Synthetic
SYN_00049,34070000,2240,4.0,4,2,"Rachenahalli, Jakkur",9,14,Semi Furnished,South-East,3.9,Ready to Move,,False,Synthetic
SYN_00050,16620000,1322,3.0,3,1,"Akme Ballet, Mahadevapura",8,14,Semi Furnished,East,3.1,Upcoming,2026-07-11,True,Synthetic
SYN_00051,20030000,1414,3.0,3,1,"Industrial Suburb, Yeswanthpur",7,32,Semi Furnished,East,24.6,Ready to Move,,True,Synthetic
SYN_00052,18880000,1481,3.0,3,2,"SNN Raj Serenity, Akshayanagar",11,18,Unfurnished,Unknown,17.0,Ready to Move,,False,Synthetic
SYN_00053,22770000,2073,3.0,3,1,"Buena Vista, Bommenahalli",20,27,Semi Furnished,West,7.8,Ready to Move,,False,Synthetic
SYN_00054,20920000,1907,3.0,3,1,"Dodsworth Layout, Whitefield",3,6,Semi Furnished,North,9.0,Ready to Move,,False,Synthetic
SYN_00055,10630000,988,2.0,2,1,"Chaithanya Samarth, Bommenahalli",14,23,Semi Furnished,East,14.5,Ready to Move,,False,Synthetic
SYN_00056,9580000,1222,2.0,2,1,"Chambenahalli, Bengaluru",9,9,Semi Furnished,East,6.2,Ready to Move,,False,Synthetic
SYN_00057,13320000,1063,2.0,2,2,"Gummanahalli, Bengaluru",3,12,Semi Furnished,Unknown,10.0,Upcoming,2026-11-26,True,Synthetic
SYN_00058,11430000,1458,3.0,2,1,"Marathahalli Village, Marathahalli",13,15,Semi Furnished,Unknown,6.0,Ready to Move,,False,Synthetic
SYN_00059,14280000,1601,3.0,3,1,"Nagavara, Bengaluru",11,14,Semi Furnished,East,1.0,Upcoming,2026-04-14,True,Synthetic
SYN_00060,28170000,1758,4.0,3,0,"Banakshankari 6th Stage 11th Block, Srinivaspura",2,18,Unfurnished,North,11.1,Ready to Move,,True,Synthetic
SYN_00061,15000000,1154,3.0,3,1,"Devanahalli, Bengaluru",3,11,Semi Furnished,West,5.0,Ready to Move,,False,Synthetic
SYN_00062,9850000,967,2.0,2,1,"Parkway Homes, Rayasandra",1,4,Unfurnished,North,1.7,Ready to Move,,False,Synthetic
SYN_00063,18540000,976,2.0,2,1,"Rajanukunte, Bengaluru",18,19,Unfurnished,North,0.8,Ready to Move,,False,Synthetic
SYN_00064,10550000,1076,2.0,2,1,"Gummanahalli, Bengaluru",3,4,Semi Furnished,Unknown,7.4,Ready to Move,,False,Synthetic
SYN_00065,35570000,1698,3.0,3,1,"Thomas Town, Cooke Town",0,3,Unfurnished,North,1.3,Ready to Move,,False,Synthetic
SYN_00066,24560000,1937,3.0,3,1,"Sannatammanahalli, Battarahalli",3,15,Semi Furnished,East,10.0,Ready to Move,,True,Synthetic
SYN_00067,88490000,5108,4.0,4,1,"Industrial Layout, Kudlu Gate",0,3,Semi Furnished,North,0.1,Ready to Move,,False,Synthetic
SYN_00068,10300000,1042,3.0,3,1,"Paramount Gardens, Jyotipuram",0,5,Semi Furnished,North,17.0,Ready to Move,,True,Synthetic
SYN_00069,20090000,1543,3.0,3,1,"Yadavanahalli, Bengaluru",7,8,Unfurnished,East,10.0,Ready to Move,,False,Synthetic
SYN_00070,31240000,2109,3.0,2,2,"Varthur, Bengaluru",2,5,Semi Furnished,East,1.9,Upcoming,2027-01-11,True,Synthetic
SYN_00071,16580000,1171,3.0,3,2,"Green Glen Layout, Bellandur",0,4,Semi Furnished,West,10.6,Ready to Move,,True,Synthetic
SYN_00072,11110000,939,2.0,2,1,"Konappana Agrahara, Rayasandra",20,21,Unfurnished,West,22.0,Ready to Move,,False,Synthetic
SYN_00073,10050000,680,1.0,1,1,"Lords Steps Layout, Panathur",5,13,Semi Furnished,Unknown,1.9,Upcoming,2026-11-16,True,Synthetic
SYN_00074,13940000,1320,2.0,2,1,"Hanumanthappa Layout, Kyalasanahalli",0,4,Semi Furnished,Unknown,6.0,Ready to Move,,False,Synthetic
SYN_00075,45900000,3218,5.0,4,5,"Brookefield, Bengaluru",3,9,Semi Furnished,Unknown,8.4,Ready to Move,,False,Synthetic
SYN_00076,17770000,1350,3.0,3,1,"Srinivasa Nagar, Banashankari",10,14,Semi Furnished,Unknown,8.4,Upcoming,2027-01-01,True,Synthetic
SYN_00077,21080000,1664,3.0,3,1,"Bengaluru Hardware Park, Bengaluru",29,30,Fully Furnished,West,1.0,Ready to Move,,False,Synthetic
SYN_00078,22380000,1621,3.0,3,1,"Shanthala Nagar, Ashok Nagar",41,42,Unfurnished,East,8.4,Ready to Move,,False,Synthetic
SYN_00079,12600000,1251,2.0,2,1,"Chaithanya Samarth, Bommenahalli",0,5,Unfurnished,Unknown,9.0,Ready to Move,,False,Synthetic
SYN_00080,15220000,1040,2.0,2,1,"Eastwood Township, Harlur",1,5,Semi Furnished,North,6.0,Ready to Move,,False,Synthetic
SYN_00081,9870000,1039,2.0,2,1,"Dodsworth Layout, Whitefield",5,13,Fully Furnished,East,3.0,Ready to Move,,False,Synthetic
SYN_00082,11740000,1491,3.0,3,1,"Sompura, Bengaluru",15,30,Unfurnished,South,1.4,Upcoming,2026-07-08,True,Synthetic
SYN_00083,6800000,1049,2.0,2,2,"Pattabhirama Nagar, Jayanagar",7,9,Unfurnished,North,5.0,Ready to Move,,False,Synthetic
SYN_00084,18840000,1292,2.0,2,1,"Muthurayya Swamy Layout, Hulimavu",7,21,Semi Furnished,East,9.5,Ready to Move,,False,Synthetic
SYN_00085,21490000,1893,3.0,3,1,"Buena Vista, Bommenahalli",22,39,Semi Furnished,East,5.0,Ready to Move,,False,Synthetic
SYN_00086,14140000,1306,2.0,2,1,"Madagondanahalli, Electronic City",13,20,Semi Furnished,East,1.2,Ready to Move,,False,Synthetic
SYN_00087,39300000,2561,4.5,4,4,"4th Phase, JP Nagar",11,11,Semi Furnished,East,6.4,Ready to Move,,False,Synthetic
SYN_00088,5540000,854,2.0,2,1,"Gopasandra, Bengaluru",3,5,Unfurnished,Unknown,7.0,Ready to Move,,False,Synthetic
SYN_00089,14440000,1168,2.0,2,1,"Uttarahalli -Manavarthekaval, Bengaluru",8,13,Unfurnished,Unknown,1.3,Ready to Move,,False,Synthetic
SYN_00090,18560000,1435,3.0,3,1,"Budigere Cross, Bengaluru",7,18,Semi Furnished,North,1.2,Ready to Move,,False,Synthetic
SYN_00091,22530000,1803,3.0,2,1,"P&T Layout, Thanisandra",14,20,Unfurnished,East,6.1,Upcoming,2026-04-24,True,Synthetic
SYN_00092,22630000,1228,2.0,2,1,"Bileshivale, Bengaluru",18,19,Semi Furnished,Unknown,0.4,Upcoming,2026-07-18,True,Synthetic
SYN_00093,17310000,1169,2.0,2,2,"Devasthanagalu, Varthur",3,5,Unfurnished,North,1.5,Ready to Move,,False,Synthetic
SYN_00094,22110000,1410,3.0,3,1,"Sathya Sai Layout, Whitefield",17,17,Semi Furnished,Unknown,10.9,Ready to Move,,False,Synthetic
SYN_00095,17170000,994,2.0,2,1,"Stage 3, Indira Nagar",15,15,Semi Furnished,North,10.0,Ready to Move,,False,Synthetic
SYN_00096,8370000,1566,3.0,3,1,"Ali Estate, Yelahanka",4,20,Semi Furnished,North,3.1,Ready to Move,,False,Synthetic
SYN_00097,10930000,1031,3.0,3,2,"Varthur, Bengaluru",3,4,Unfurnished,East,1.5,Ready to Move,,False,Synthetic
SYN_00098,10340000,1301,2.0,2,2,"Utsav Raaga, Kannuru",2,21,Unfurnished,East,14.0,Ready to Move,,False,Synthetic
SYN_00099,9220000,1293,3.0,3,1,"Sannatammanahalli, Battarahalli",20,25,Unfurnished,East,4.5,Ready to Move,,False,Synthetic
SYN_00100,25300000,1312,3.0,3,1,"Nallurhalli, Whitefield",3,5,Unfurnished,East,6.0,Ready to Move,,False,Synthetic
SYN_00101,19820000,1214,2.0,2,1,"Ieglo Villa, Hoodi",5,12,Unfurnished,East,13.0,Ready to Move,,False,Synthetic
SYN_00102,16880000,1478,3.0,3,1,"Chambenahalli, Bengaluru",1,5,Semi Furnished,North,7.8,Ready to Move,,True,Synthetic
SYN_00103,7480000,1024,2.0,2,1,"Chikkadasarahalli, Bengaluru",5,18,Fully Furnished,West,11.1,Ready to Move,,False,Synthetic
SYN_00104,30570000,1859,3.0,3,1,"Phase 2, Whitefield",1,8,Semi Furnished,East,10.7,Upcoming,2026-08-15,True,Synthetic
SYN_00105,7300000,432,1.0,1,1,"Shriram Sameeksha, Singapura",2,13,Unfurnished,North,2.0,Ready to Move,,False,Synthetic
SYN_00106,14560000,1021,2.0,2,2,"Kodathi, Bengaluru",8,13,Semi Furnished,East,8.9,Ready to Move,,False,Synthetic
SYN_00107,6400000,761,2.0,2,1,"Subramanyapura, Bengaluru",11,13,Semi Furnished,Unknown,2.1,Upcoming,2026-09-07,True,Synthetic
SYN_00108,39100000,2164,3.0,3,1,"Sri Balaji Krupa Layout, R.K. Hegde Nagar",0,4,Semi Furnished,East,7.0,Ready to Move,,False,Synthetic
SYN_00109,10910000,1302,2.0,2,1,"Kodigehalli, K R Puram",9,11,Semi Furnished,Unknown,9.0,Ready to Move,,False,Synthetic
SYN_00110,13460000,938,2.0,2,1,"Kundalahalli, Brookefield",1,8,Semi Furnished,East,7.0,Upcoming,2027-03-14,True,Synthetic
SYN_00111,18650000,2565,3.0,3,1,"Sree Narayana Nagar, Kadagrahara",11,14,Semi Furnished,East,1.1,Ready to Move,,False,Synthetic
SYN_00112,18420000,1731,3.0,3,1,"Mallasandra, Bengaluru",7,25,Semi Furnished,East,4.2,Ready to Move,,False,Synthetic
SYN_00113,14190000,1428,3.0,3,1,"Bengaluru Hardware Park, Bengaluru",12,23,Unfurnished,Unknown,2.0,Upcoming,2026-11-10,True,Synthetic
SYN_00114,52830000,4359,4.0,4,2,"Kodathi, Bengaluru",7,16,Semi Furnished,West,3.2,Ready to Move,,False,Synthetic
SYN_00115,10060000,1029,2.0,2,1,"Sree Narayana Nagar, Chikkadunnasandra",14,18,Semi Furnished,Unknown,2.9,Ready to Move,,False,Synthetic
SYN_00116,25970000,1876,3.0,3,1,"Sri Balaji Krupa Layout, R.K. Hegde Nagar",27,36,Semi Furnished,North,4.0,Ready to Move,,False,Synthetic
SYN_00117,14300000,1252,2.0,2,1,"Belathur, K R Puram",9,13,Unfurnished,East,3.0,Ready to Move,,False,Synthetic
SYN_00118,12630000,1478,3.0,2,2,"Ecolife Elements Of Nature, Balagere",23,30,Semi Furnished,East,6.2,Ready to Move,,False,Synthetic
SYN_00119,12450000,911,2.0,2,1,"Shriram Surabhi, Mallasandra",3,14,Unfurnished,East,0.5,Ready to Move,,False,Synthetic
SYN_00120,31050000,1878,3.0,2,1,"Kothnur, JP Nagar",3,4,Unfurnished,East,20.0,Ready to Move,,False,Synthetic
SYN_00121,17560000,1402,3.0,2,1,"Dommasandra, Bengaluru",4,7,Semi Furnished,East,15.0,Upcoming,2026-09-17,True,Synthetic
SYN_00122,16420000,1142,2.0,2,2,"Devasthanagalu, Varthur",0,4,Unfurnished,West,5.0,Ready to Move,,False,Synthetic
SYN_00123,31530000,1927,3.0,3,1,"7th Phase, JP Nagar",7,8,Unfurnished,West,1.0,Ready to Move,,False,Synthetic
SYN_00124,23950000,1919,3.5,2,1,"Sonam Layout, Visthar",2,33,Semi Furnished,East,26.1,Upcoming,2027-02-16,True,Synthetic
SYN_00125,13210000,1915,4.0,4,2,"Horamavu Agara, Horamavu",14,14,Semi Furnished,North,4.5,Ready to Move,,False,Synthetic
SYN_00126,28360000,1758,4.0,4,1,"Sathya Sai Layout, Whitefield",16,30,Semi Furnished,East,1.0,Ready to Move,,True,Synthetic
SYN_00127,12520000,1729,3.0,3,1,"Aishwarya Crystal Layout, Begur",26,28,Unfurnished,East,14.8,Upcoming,2030-07-09,True,Synthetic
SYN_00128,10720000,830,2.0,2,2,"Devasthanagalu, Varthur",4,13,Semi Furnished,South,8.3,Ready to Move,,False,Synthetic
SYN_00129,9850000,1071,2.0,2,1,"Gollahalli, Electronic City",15,15,Semi Furnished,East,12.5,Ready to Move,,False,Synthetic
SYN_00130,19950000,1299,3.0,3,1,"Lords Steps Layout, Panathur",17,19,Unfurnished,North,4.4,Ready to Move,,False,Synthetic
SYN_00131,21440000,1378,3.0,3,1,"Green Glen Layout, Bellandur",6,10,Semi Furnished,East,16.5,Ready to Move,,False,Synthetic
SYN_00132,18540000,1691,3.0,2,1,"Pai Layout, Mahadevapura",11,20,Semi Furnished,West,6.1,Ready to Move,,False,Synthetic
SYN_00133,17010000,1439,3.0,3,1,"Eastwood Township, Harlur",14,28,Semi Furnished,East,2.5,Ready to Move,,False,Synthetic
SYN_00134,9270000,986,2.0,2,1,"Gummanahalli, Bengaluru",0,4,Unfurnished,East,12.8,Ready to Move,,False,Synthetic
SYN_00135,19150000,1187,2.0,2,1,"Jakkur, Bengaluru",21,32,Fully Furnished,Unknown,24.0,Ready to Move,,False,Synthetic
SYN_00136,5870000,658,1.0,1,1,"Sarjapur, Bengaluru",11,24,Semi Furnished,East,2.0,Ready to Move,,False,Synthetic
SYN_00137,8120000,937,2.0,2,2,"Madagondanahalli, Electronic City",15,29,Semi Furnished,East,9.3,Ready to Move,,False,Synthetic
SYN_00138,22110000,1643,3.0,3,1,"Hadosiddapura, Carmelaram",4,4,Semi Furnished,West,15.5,Ready to Move,,False,Synthetic
SYN_00139,17550000,1508,3.0,3,2,"Munnekollal, Bengaluru",5,7,Unfurnished,West,14.7,Upcoming,2026-10-20,True,Synthetic
SYN_00140,9910000,923,2.0,2,1,"Bendiganahalli, Bengaluru",2,6,Unfurnished,North,5.5,Ready to Move,,False,Synthetic
SYN_00141,13090000,1077,2.0,2,1,"Medahalli, Bengaluru",2,33,Unfurnished,East,6.0,Ready to Move,,False,Synthetic
SYN_00142,7680000,653,1.0,1,1,"Nirman Layout, S.Bingipura",2,14,Semi Furnished,North,0.0,Ready to Move,,False,Synthetic
SYN_00143,17440000,1336,3.0,3,1,"Veeranna Garden, Richards Town",16,29,Unfurnished,East,12.0,Ready to Move,,False,Synthetic
SYN_00144,11340000,1158,2.0,2,1,"Shetty Halli, Jalahalli West",12,15,Semi Furnished,West,5.4,Upcoming,2026-07-05,True,Synthetic
SYN_00145,13720000,1167,2.0,2,1,"Kannuru, Bengaluru",0,9,Semi Furnished,North,8.5,Ready to Move,,False,Synthetic
SYN_00146,34700000,2479,4.0,4,3,"Devin Paradise Enclave, Tirumanahalli",7,16,Unfurnished,East,7.4,Ready to Move,,False,Synthetic
SYN_00147,19870000,1209,3.0,3,2,"Buena Vista, Bommenahalli",22,29,Unfurnished,East,6.9,Ready to Move,,False,Synthetic
SYN_00148,23310000,1243,3.0,3,1,"Nallurhalli, Whitefield",3,3,Unfurnished,North,8.0,Upcoming,2026-06-19,True,Synthetic
SYN_00149,16690000,1243,2.0,2,1,"Sarjapur, Bengaluru",16,31,Semi Furnished,East,1.9,Ready to Move,,True,Synthetic
SYN_00150,15860000,1512,3.0,2,2,"7th Phase, JP Nagar",18,18,Semi Furnished,East,1.3,Upcoming,2030-09-12,True,Synthetic
SYN_00151,10480000,1040,2.5,2,1,"Thirumalashettyhally, Bengaluru",10,22,Semi Furnished,Unknown,1.1,Ready to Move,,False,Synthetic
SYN_00152,19430000,1425,3.0,3,2,"Sunny Brooks, Kaikondrahalli",2,4,Unfurnished,East,2.4,Ready to Move,,True,Synthetic
SYN_00153,19950000,1006,2.0,2,1,"Jayanagar Housing Society Layout, Subramanyapura",14,16,Semi Furnished,North,10.5,Ready to Move,,False,Synthetic
SYN_00154,30440000,1383,3.0,3,1,"Lords Steps Layout, Panathur",21,21,Semi Furnished,East,1.2,Ready to Move,,True,Synthetic
SYN_00155,10160000,664,1.0,1,2,"Uttarahalli -Manavarthekaval, Bengaluru",10,21,Semi Furnished,East,3.0,Upcoming,2029-05-28,True,Synthetic
SYN_00156,12100000,1000,2.0,2,1,"Manayata Tech Park, Thanisandra",7,13,Semi Furnished,East,10.1,Ready to Move,,False,Synthetic
SYN_00157,26000000,1473,3.0,3,2,"Stage 3, Indira Nagar",12,16,Unfurnished,East,4.0,Ready to Move,,False,Synthetic
SYN_00158,21080000,2089,3.0,2,1,"Stage 1, BTM Layout",4,25,Unfurnished,West,11.4,Ready to Move,,True,Synthetic
SYN_00159,27370000,1769,3.0,3,1,"Rammana Layout, Byrathi",5,10,Semi Furnished,North,1.4,Upcoming,2030-06-29,True,Synthetic
SYN_00160,14850000,1192,2.0,2,1,"SNN Raj Serenity, Akshayanagar",3,11,Semi Furnished,East,5.3,Ready to Move,,True,Synthetic
SYN_00161,30330000,2565,3.0,2,1,"P&T Layout, Thanisandra",4,8,Unfurnished,East,8.3,Ready to Move,,False,Synthetic
SYN_00162,7940000,607,1.0,1,2,"Suryanagar, Bommasandra",8,18,Unfurnished,East,0.5,Ready to Move,,False,Synthetic
SYN_00163,12490000,915,2.0,2,1,"Chikkagubbi Village, Bengaluru",9,33,Unfurnished,East,0.8,Ready to Move,,False,Synthetic
SYN_00164,36120000,2705,4.5,4,4,"Phase 2, Doddanagamangala",2,34,Semi Furnished,West,6.0,Ready to Move,,False,Synthetic
SYN_00165,37120000,1821,4.0,4,2,"Sathya Sai Layout, Whitefield",0,27,Unfurnished,East,1.8,Upcoming,2030-02-13,True,Synthetic
SYN_00166,23290000,1617,3.0,3,1,"SBI Bank Colony, Battarahalli",1,16,Unfurnished,North,6.0,Ready to Move,,False,Synthetic
SYN_00167,7960000,789,2.0,2,1,"Subramanyapura, Bengaluru",16,25,Semi Furnished,East,3.1,Ready to Move,,False,Synthetic
SYN_00168,19610000,1239,2.0,2,1,"Sri Balaji Krupa Layout, R.K. Hegde Nagar",1,5,Semi Furnished,East,11.0,Ready to Move,,False,Synthetic
SYN_00169,10320000,1181,2.0,2,1,"Hadosiddapura, Carmelaram",25,30,Semi Furnished,East,5.2,Ready to Move,,False,Synthetic
SYN_00170,10730000,954,2.0,2,1,"Phase I, Electronic City",7,12,Semi Furnished,West,12.8,Ready to Move,,False,Synthetic
SYN_00171,42360000,3585,4.5,4,5,"4th Phase, JP Nagar",11,11,Unfurnished,East,6.2,Ready to Move,,False,Synthetic
SYN_00172,17140000,1569,3.0,3,1,"Gunjur Village, Bengaluru",13,28,Semi Furnished,East,6.0,Ready to Move,,False,Synthetic
SYN_00173,16580000,1274,2.0,2,1,"BEML Cooperative Society Layout, Bidaraguppe",28,33,Fully Furnished,East,11.4,Ready to Move,,False,Synthetic
SYN_00174,10090000,1129,2.0,2,1,"Devin Paradise Enclave, Chokkanahalli",21,39,Unfurnished,West,2.6,Upcoming,2028-01-15,True,Synthetic
SYN_00175,10110000,1213,2.0,2,2,"Dodsworth Layout, Whitefield",1,13,Semi Furnished,North,3.0,Ready to Move,,False,Synthetic
SYN_00176,7720000,730,2.0,2,1,"Ardendale, Kannamangala - Whitefield Hoskote Road",13,14,Semi Furnished,West,3.0,Ready to Move,,False,Synthetic
SYN_00177,9090000,857,1.5,1,1,"Gummanahalli, Bengaluru",10,21,Unfurnished,Unknown,1.3,Ready to Move,,False,Synthetic
SYN_00178,9840000,886,2.0,2,1,"Bommasandra Industrial Area, Bommasandra",15,27,Semi Furnished,West,7.8,Ready to Move,,False,Synthetic
SYN_00179,10010000,992,2.0,2,1,"Chaithanya Samarth, Bommenahalli",4,14,Semi Furnished,North,8.6,Ready to Move,,False,Synthetic
SYN_00180,17460000,1546,3.0,3,1,"Uttarahalli -Manavarthekaval, Bengaluru",0,4,Unfurnished,West,7.9,Ready to Move,,False,Synthetic
SYN_00181,15680000,1047,2.0,2,1,"Sri Balaji Krupa Layout, R.K. Hegde Nagar",18,21,Unfurnished,Unknown,1.0,Ready to Move,,False,Synthetic
SYN_00182,11870000,1816,3.0,3,2,"Sarjapur, Bengaluru",14,15,Unfurnished,East,6.8,Ready to Move,,True,Synthetic
SYN_00183,13100000,1743,3.0,3,1,"Muthurayya Swamy Layout, Hulimavu",10,19,Unfurnished,Unknown,2.9,Ready to Move,,False,Synthetic
SYN_00184,12720000,983,2.0,2,1,"Kothnur, JP Nagar",0,4,Semi Furnished,Unknown,5.4,Ready to Move,,False,Synthetic
SYN_00185,5460000,682,1.0,1,1,"Boovanahalli, Bengaluru",4,4,Unfurnished,Unknown,1.8,Ready to Move,,False,Synthetic
SYN_00186,22300000,1491,3.0,3,1,"Sathnur, Bengaluru",10,27,Unfurnished,East,0.9,Upcoming,2030-04-01,True,Synthetic
SYN_00187,11940000,1086,3.0,2,1,"Phase I, Electronic City",2,24,Unfurnished,Unknown,8.0,Ready to Move,,False,Synthetic
SYN_00188,23600000,1758,4.0,4,2,"Nallurhalli, Whitefield",9,18,Unfurnished,East,8.0,Ready to Move,,False,Synthetic
SYN_00189,12210000,1110,2.0,2,1,"Doddakannelli, Bengaluru",2,16,Unfurnished,North,8.7,Ready to Move,,True,Synthetic
SYN_00190,27860000,1611,3.0,3,2,"Laxminarayana Layout, Whitefield",10,14,Unfurnished,Unknown,10.7,Ready to Move,,False,Synthetic
SYN_00191,12420000,965,2.0,2,1,"Balagere, Bengaluru",1,4,Unfurnished,North,7.0,Ready to Move,,False,Synthetic
SYN_00192,120460000,2631,5.0,5,1,"Hebbal, Bengaluru",12,30,Unfurnished,East,10.7,Ready to Move,,False,Synthetic
SYN_00193,14610000,916,2.0,2,1,"Rammana Layout, Byrathi",2,4,Semi Furnished,Unknown,33.1,Ready to Move,,False,Synthetic
SYN_00194,10370000,931,2.0,2,1,"Kannuru, Bengaluru",22,28,Semi Furnished,Unknown,1.6,Upcoming,2029-07-15,True,Synthetic
SYN_00195,35340000,2555,4.5,5,1,"V. Kallahalli, Bengaluru",23,27,Semi Furnished,North,6.0,Ready to Move,,True,Synthetic
SYN_00196,22010000,1705,3.0,2,2,"Chikkakannalli, Bengaluru",0,29,Fully Furnished,East,16.0,Ready to Move,,False,Synthetic
SYN_00197,9230000,995,2.0,2,1,"Bendiganahalli, Bengaluru",0,4,Semi Furnished,East,16.0,Ready to Move,,False,Synthetic
SYN_00198,15310000,1879,3.0,3,0,"Kambipura, Bengaluru",5,18,Semi Furnished,Unknown,0.9,Ready to Move,,False,Synthetic
SYN_00199,8820000,954,2.0,2,1,"Gummanahalli, Bengaluru",9,23,Unfurnished,West,2.0,Ready to Move,,False,Synthetic
SYN_00200,8150000,665,1.0,1,1,"Gummanahalli, Bengaluru",0,4,Unfurnished,West,2.0,Upcoming,2028-12-02,True,Synthetic
SYN_00201,11240000,1524,3.0,2,1,"Stage 2, BTM Layout 2nd Stage",0,5,Unfurnished,Unknown,0.1,Ready to Move,,True,Synthetic
SYN_00202,16730000,1237,3.0,3,1,"Gupta Layout, Halasuru",7,14,Unfurnished,South-East,0.5,Ready to Move,,False,Synthetic
SYN_00203,14290000,1274,2.0,2,1,"Dodsworth Layout, Whitefield",0,4,Unfurnished,East,13.0,Ready to Move,,False,Synthetic
SYN_00204,21090000,2214,3.0,3,2,"Shriram Sameeksha, Singapura",21,23,Unfurnished,West,1.0,Ready to Move,,False,Synthetic
SYN_00205,13400000,1007,2.0,2,1,"Balagere, Bengaluru",4,4,Semi Furnished,West,3.3,Ready to Move,,False,Synthetic
SYN_00206,23010000,2010,3.0,3,1,"Hosahalli, Bengaluru",4,6,Semi Furnished,Unknown,3.8,Upcoming,2026-07-07,True,Synthetic
SYN_00207,15310000,1471,2.0,2,1,"Judicial Layout 2nd Phase, Talaghattapura",32,38,Unfurnished,East,10.5,Ready to Move,,False,Synthetic
SYN_00208,19730000,1566,3.0,3,1,"Gunjur Village, Bengaluru",18,34,Unfurnished,East,0.3,Ready to Move,,False,Synthetic
SYN_00209,42380000,2388,3.0,3,1,"Kaikondrahalli, Bengaluru",9,14,Semi Furnished,South,8.0,Ready to Move,,False,Synthetic
SYN_00210,16940000,1598,3.0,3,1,"Judicial Layout 2nd Phase, Talaghattapura",2,9,Unfurnished,Unknown,9.4,Ready to Move,,False,Synthetic
SYN_00211,13230000,1299,2.0,2,1,"Judicial Layout 2nd Phase, Talaghattapura",4,5,Unfurnished,East,5.1,Ready to Move,,False,Synthetic
SYN_00212,10660000,965,2.0,2,1,"Phase 5, Chikkanayakanahalli, Choodasandra",22,23,Semi Furnished,East,2.7,Ready to Move,,True,Synthetic
SYN_00213,27240000,1784,3.0,3,1,"Anand Nagar, Hebbal",0,26,Semi Furnished,Unknown,2.0,Ready to Move,,True,Synthetic
SYN_00214,10020000,1057,2.0,2,1,"Chaithanya Samarth, Bommenahalli",3,5,Semi Furnished,Unknown,5.5,Ready to Move,,False,Synthetic
SYN_00215,10220000,911,2.0,2,1,"Varthur, Bengaluru",2,4,Unfurnished,North,6.8,Ready to Move,,False,Synthetic
SYN_00216,14000000,1350,3.0,3,1,"Huvinayakanahalli, Bengaluru",5,26,Unfurnished,East,8.0,Ready to Move,,False,Synthetic
SYN_00217,8440000,1017,2.0,2,1,"Panathur, Bengaluru",10,21,Semi Furnished,West,21.0,Ready to Move,,False,Synthetic
SYN_00218,28250000,1830,3.0,3,1,"Pattandur Agrahara, Whitefield",9,10,Semi Furnished,East,14.0,Ready to Move,,False,Synthetic
SYN_00219,18550000,1471,2.0,2,1,"Bommenahalli, Bengaluru",0,27,Semi Furnished,East,1.2,Ready to Move,,True,Synthetic
SYN_00220,20350000,1471,2.0,2,1,"EPIP Zone, Brookefield",13,19,Unfurnished,North,7.6,Ready to Move,,False,Synthetic
SYN_00221,9280000,1164,3.0,3,2,"Stage 2, BTM Layout 2nd Stage",29,34,Semi Furnished,East,5.7,Upcoming,2026-07-31,True,Synthetic
SYN_00222,35580000,2061,3.0,2,3,"Ardendale, Kannamangala - Whitefield Hoskote Road",27,50,Unfurnished,East,14.0,Ready to Move,,False,Synthetic
SYN_00223,17050000,1466,3.0,3,1,"Budigere Cross, Bengaluru",4,4,Unfurnished,North,2.5,Upcoming,2027-02-10,True,Synthetic
SYN_00224,6550000,994,2.0,2,1,"Phase I, Electronic City",2,12,Unfurnished,West,10.0,Ready to Move,,False,Synthetic
SYN_00225,10580000,833,2.0,2,1,"Varthur, Bengaluru",0,14,Unfurnished,East,0.6,Ready to Move,,False,Synthetic
SYN_00226,29730000,2070,3.0,3,1,"V. Kallahalli, Bengaluru",8,12,Semi Furnished,North,3.0,Ready to Move,,False,Synthetic
SYN_00227,17130000,1167,2.0,2,1,"Kariyammana Agrahara, Bellandur",2,4,Semi Furnished,North,5.0,Ready to Move,,False,Synthetic
SYN_00228,8370000,943,2.0,2,0,"Mohammed Sab Palya, Vidyaranyapura",1,4,Semi Furnished,North,6.1,Ready to Move,,True,Synthetic
SYN_00229,32370000,2290,3.5,3,2,"Sri Balaji Krupa Layout, R.K. Hegde Nagar",9,17,Semi Furnished,North,4.7,Upcoming,2026-02-19,True,Synthetic
SYN_00230,47770000,2203,4.0,3,2,"Nagashetty Halli, RMV Extension Stage 2",11,13,Semi Furnished,West,9.6,Ready to Move,,False,Synthetic
SYN_00231,11370000,1090,3.0,2,1,"Gummanahalli, Bengaluru",12,20,Unfurnished,North,26.3,Upcoming,2029-03-05,True,Synthetic
SYN_00232,14680000,1325,3.0,3,1,"Gummanahalli, Bengaluru",18,18,Unfurnished,East,4.9,Ready to Move,,False,Synthetic
SYN_00233,14870000,1594,3.0,3,4,"Bengaluru Hardware Park, Bengaluru",32,32,Semi Furnished,East,6.9,Ready to Move,,False,Synthetic
SYN_00234,19020000,1697,3.0,3,1,"Varthur, Bengaluru",10,15,Semi Furnished,East,3.7,Ready to Move,,False,Synthetic
SYN_00235,20560000,1259,2.0,2,1,"Parappana Agrahara, Bengaluru",8,11,Semi Furnished,East,15.0,Ready to Move,,False,Synthetic
SYN_00236,26140000,1479,3.0,3,1,"Classic Orchids Layout, Kalena Agrahara",9,9,Semi Furnished,North,2.0,Ready to Move,,False,Synthetic
SYN_00237,19060000,1145,2.0,2,1,"Hosapalya, Kudlu Gate",2,3,Semi Furnished,East,7.2,Ready to Move,,False,Synthetic
SYN_00238,24350000,1377,3.0,3,1,"Nallurhalli, Whitefield",3,15,Unfurnished,West,15.0,Ready to Move,,False,Synthetic
SYN_00239,9780000,768,1.0,1,1,"Aishwarya Crystal Layout, Begur",7,22,Fully Furnished,Unknown,2.0,Ready to Move,,False,Synthetic
SYN_00240,11190000,1346,3.0,2,1,"Kacharakanahalli,Bisnahalli, Bengaluru",3,4,Unfurnished,North,13.0,Ready to Move,,True,Synthetic
SYN_00241,14010000,1132,2.0,2,3,"Belathur, K R Puram",3,19,Semi Furnished,Unknown,5.1,Ready to Move,,False,Synthetic
SYN_00242,18920000,1541,3.0,3,2,"Dodsworth Layout, Whitefield",5,17,Semi Furnished,East,2.0,Ready to Move,,False,Synthetic
SYN_00243,8130000,1089,2.0,2,1,"Gunjur, Bengaluru",5,5,Unfurnished,West,5.8,Ready to Move,,False,Synthetic
SYN_00244,87120000,4163,4.0,3,2,"Sathya Sai Layout, Whitefield",9,14,Unfurnished,West,2.5,Upcoming,2026-04-29,True,Synthetic
SYN_00245,17180000,1166,2.0,2,1,"Kattanallur, Sannatammanahalli",1,5,Unfurnished,East,8.7,Ready to Move,,False,Synthetic
SYN_00246,12080000,1010,2.0,2,1,"Manayata Tech Park, Thanisandra",8,19,Semi Furnished,West,10.0,Ready to Move,,False,Synthetic
SYN_00247,36440000,1601,3.0,3,1,"Thigala Chowdadenahalli, Bengaluru",9,33,Semi Furnished,East,0.9,Ready to Move,,False,Synthetic
SYN_00248,28780000,2429,4.0,4,2,"Nehru Nagar, Bengaluru",2,18,Unfurnished,North,11.1,Ready to Move,,False,Synthetic
SYN_00249,27000000,1614,3.0,3,2,"Panathur, Bengaluru",4,4,Semi Furnished,East,3.7,Upcoming,2027-05-18,True,Synthetic
SYN_00250,74780000,4476,4.0,4,2,"Sathya Sai Layout, Whitefield",8,10,Semi Furnished,East,10.0,Ready to Move,,True,Synthetic
SYN_00251,21410000,1621,3.0,2,1,"Janatha Colony, Carmelaram",2,4,Unfurnished,East,9.0,Ready to Move,,False,Synthetic
SYN_00252,11010000,1086,2.0,2,1,"Anekal, Bengaluru",4,4,Unfurnished,West,1.1,Ready to Move,,False,Synthetic
SYN_00253,15970000,1471,2.0,2,1,"Jyotipuram, Bengaluru",18,24,Unfurnished,East,10.0,Upcoming,2027-02-02,True,Synthetic
SYN_00254,27250000,1608,2.5,2,1,"Ilyas Nagar, Kumaraswamy Layout",10,18,Semi Furnished,Unknown,9.0,Ready to Move,,False,Synthetic
SYN_00255,24960000,2079,3.0,2,1,"Varthur, Bengaluru",0,13,Unfurnished,East,12.0,Ready to Move,,False,Synthetic
SYN_00256,14350000,1604,3.0,3,2,"Koralur, Samethanahalli",6,14,Semi Furnished,North,1.0,Upcoming,2027-11-06,True,Synthetic
SYN_00257,10290000,1013,2.0,2,2,"Eastwood Township, Harlur",13,25,Semi Furnished,South,7.8,Ready to Move,,False,Synthetic
SYN_00258,11050000,1294,2.0,2,1,"Shriram Sameeksha, Singapura",3,12,Semi Furnished,West,12.7,Ready to Move,,False,Synthetic
SYN_00259,9270000,1048,2.0,2,1,"Glass Factory Layout, Electronic City",4,5,Semi Furnished,North,7.3,Ready to Move,,False,Synthetic
SYN_00260,7880000,699,1.5,2,1,"Seenappa Layout, Bommanahalli",0,22,Unfurnished,East,0.6,Ready to Move,,False,Synthetic
SYN_00261,19210000,1814,3.0,3,0,"Vignana Kendra, Bengaluru",7,17,Fully Furnished,West,1.2,Ready to Move,,False,Synthetic
SYN_00262,12420000,1119,2.0,2,1,"DNA Eden View, Whitefield",5,27,Semi Furnished,Unknown,1.0,Ready to Move,,False,Synthetic
SYN_00263,15340000,1053,2.0,2,2,"Balagere, Bengaluru",17,26,Semi Furnished,East,6.1,Ready to Move,,False,Synthetic
SYN_00264,22660000,1884,3.0,2,1,"Hosahalli, Bengaluru",34,38,Semi Furnished,East,1.0,Upcoming,2027-05-05,True,Synthetic
SYN_00265,9310000,1263,3.0,3,1,"Subramanyapura, Bengaluru",4,4,Unfurnished,North,10.6,Ready to Move,,False,Synthetic
SYN_00266,32420000,1921,3.0,3,1,"Sri Balaji Krupa Layout, R.K. Hegde Nagar",3,4,Unfurnished,East,8.3,Ready to Move,,False,Synthetic
SYN_00267,21740000,1524,3.0,2,2,"Attibele, Bengaluru",1,34,Semi Furnished,West,2.0,Ready to Move,,False,Synthetic
SYN_00268,10830000,1686,3.0,2,1,"V. Kallahalli, Bengaluru",18,18,Unfurnished,North,4.0,Ready to Move,,False,Synthetic
SYN_00269,10160000,677,1.0,1,1,"Dodsworth Layout, Whitefield",15,19,Unfurnished,North,1.0,Ready to Move,,True,Synthetic
SYN_00270,51050000,2693,4.0,4,1,"Lords Steps Layout, Panathur",13,13,Unfurnished,West,2.4,Ready to Move,,False,Synthetic
SYN_00271,11460000,862,2.0,2,1,"Chikkakannalli, Bengaluru",15,19,Semi Furnished,East,5.0,Ready to Move,,False,Synthetic
SYN_00272,9140000,630,1.0,1,2,"Sarjapur, Bengaluru",13,30,Semi Furnished,North,6.7,Upcoming,2026-10-30,True,Synthetic
SYN_00273,15050000,1365,2.0,2,1,"Sulthangunta, Shivaji Nagar",3,4,Unfurnished,East,28.0,Ready to Move,,False,Synthetic
SYN_00274,28760000,1951,3.5,3,1,"Sri Balaji Krupa Layout, R.K. Hegde Nagar",28,33,Semi Furnished,North,10.9,Ready to Move,,False,Synthetic
SYN_00275,20910000,1797,3.0,3,1,"Hosahalli, Bengaluru",26,33,Unfurnished,West,2.0,Ready to Move,,False,Synthetic
SYN_00276,33820000,1659,3.0,3,1,"Ramagondanahalli, Whitefield",20,31,Semi Furnished,Unknown,1.8,Ready to Move,,False,Synthetic
SYN_00277,27400000,1768,3.0,3,1,"Krishna Reddy Layout, Jeevan Bima Nagar",5,20,Semi Furnished,Unknown,17.6,Ready to Move,,False,Synthetic
SYN_00278,20140000,1454,2.0,2,1,"Carmelaram, Bengaluru",0,3,Semi Furnished,East,5.2,Ready to Move,,False,Synthetic
SYN_00279,21830000,1378,2.0,2,1,"Subramanyapura, Bengaluru",0,33,Semi Furnished,Unknown,8.0,Ready to Move,,False,Synthetic
SYN_00280,20060000,1364,2.0,2,2,"Yadavanahalli, Bengaluru",4,19,Semi Furnished,Unknown,7.0,Ready to Move,,False,Synthetic
SYN_00281,12570000,1247,2.0,2,1,"Hunasamaranahalli, Bengaluru",6,14,Semi Furnished,Unknown,8.6,Ready to Move,,False,Synthetic
SYN_00282,11420000,1221,3.0,3,1,"Choodasandra, Bengaluru",1,5,Unfurnished,North,5.8,Ready to Move,,False,Synthetic
SYN_00283,11060000,1023,2.0,2,1,"Bommenahalli, Bengaluru",14,15,Semi Furnished,North,3.1,Ready to Move,,False,Synthetic
SYN_00284,24050000,2565,3.0,2,1,"SNN Raj Serenity, Akshayanagar",3,4,Unfurnished,East,3.1,Ready to Move,,False,Synthetic
SYN_00285,10390000,907,2.0,2,1,"Manayata Tech Park, Thanisandra",3,14,Unfurnished,East,9.4,Ready to Move,,True,Synthetic
SYN_00286,10550000,486,1.0,1,1,"Shabhari Nagar, Sahakara Nagar",0,5,Semi Furnished,East,8.0,Ready to Move,,False,Synthetic
SYN_00287,13790000,1062,2.0,2,1,"Sarjapur, Bengaluru",10,14,Semi Furnished,East,3.6,Ready to Move,,False,Synthetic
SYN_00288,26890000,2074,3.0,3,1,"Virgonagar, Aavalahalli",3,22,Fully Furnished,South,5.0,Ready to Move,,False,Synthetic
SYN_00289,28340000,1861,3.0,3,1,"Hosapalya, Kudlu Gate",4,6,Semi Furnished,West,4.7,Ready to Move,,False,Synthetic
SYN_00290,22510000,1802,3.0,3,0,"Varthur, Bengaluru",1,3,Semi Furnished,East,15.0,Ready to Move,,False,Synthetic
SYN_00291,21760000,1822,3.0,2,1,"Hadosiddapura, Carmelaram",10,17,Unfurnished,East,1.0,Ready to Move,,False,Synthetic
SYN_00292,26590000,2162,3.0,3,1,"Rachenahalli, Jakkur",21,41,Semi Furnished,East,8.6,Ready to Move,,False,Synthetic
SYN_00293,27200000,1965,3.0,3,1,"Adityanagar, Vidyaranyapura",1,4,Semi Furnished,Unknown,17.8,Upcoming,2026-07-31,True,Synthetic
SYN_00294,13130000,1089,2.0,2,1,"Dodsworth Layout, Whitefield",11,14,Semi Furnished,East,5.4,Ready to Move,,False,Synthetic
SYN_00295,17700000,1035,2.0,2,2,"Sarjapur, Bengaluru",2,4,Semi Furnished,West,8.0,Ready to Move,,False,Synthetic
SYN_00296,17540000,1548,3.0,3,1,"Klassik Landmark, KPC Layout",0,4,Semi Furnished,Unknown,2.8,Ready to Move,,False,Synthetic
SYN_00297,50690000,3114,4.0,4,2,"Devasthanagalu, Varthur",10,16,Unfurnished,Unknown,2.0,Ready to Move,,False,Synthetic
SYN_00298,63190000,3574,4.0,4,3,"Basavanna Nagar, K R Puram",1,3,Unfurnished,Unknown,1.3,Upcoming,2026-10-12,True,Synthetic
SYN_00299,10040000,1401,3.0,2,1,"Bommenahalli, Bengaluru",0,2,Semi Furnished,East,3.7,Ready to Move,,False,Synthetic
SYN_00300,17450000,1353,3.0,2,2,"EPIP Zone, Brookefield",2,5,Unfurnished,East,7.0,Ready to Move,,False,Synthetic
SYN_00301,11730000,1082,2.0,2,1,"Bengaluru Hardware Park, Bengaluru",14,14,Unfurnished,West,10.7,Upcoming,2026-11-17,True,Synthetic
SYN_00302,14160000,1304,2.0,2,1,"Kumbalgodu, Bengaluru",37,41,Unfurnished,East,9.8,Ready to Move,,False,Synthetic
SYN_00303,17630000,1325,2.0,2,1,"Manayata Tech Park, Thanisandra",3,3,Semi Furnished,East,1.0,Ready to Move,,False,Synthetic
SYN_00304,9640000,1569,3.0,3,1,"Gunjur, Bengaluru",3,4,Semi Furnished,East,0.7,Ready to Move,,False,Synthetic
SYN_00305,12890000,1023,2.0,2,1,"Manayata Tech Park, Thanisandra",14,29,Semi Furnished,East,3.5,Ready to Move,,False,Synthetic
SYN_00306,20010000,1371,2.5,2,1,"Phase I, Electronic City",29,35,Unfurnished,West,1.1,Ready to Move,,False,Synthetic
SYN_00307,17570000,1256,2.0,2,1,"Gunjur Village, Bengaluru",7,27,Unfurnished,East,8.2,Ready to Move,,False,Synthetic
SYN_00308,31670000,2312,3.5,3,2,"KIADB Export Promotion Industrial Area, K R Puram",19,26,Semi Furnished,North,1.5,Upcoming,2026-10-14,True,Synthetic
SYN_00309,20760000,2444,4.0,3,1,"Green Glen Layout, Bellandur",36,37,Unfurnished,West,2.2,Ready to Move,,True,Synthetic
SYN_00310,27120000,1610,3.0,3,1,"Stage 2, BTM Layout",11,21,Unfurnished,West,3.2,Ready to Move,,False,Synthetic
SYN_00311,14860000,1164,2.0,2,1,"Vignan Nagar, Kaggadasapura",15,19,Unfurnished,East,8.2,Ready to Move,,False,Synthetic
SYN_00312,24160000,1299,2.0,2,1,"VISL Layout, Talaghattapura",0,13,Semi Furnished,East,1.7,Ready to Move,,False,Synthetic
SYN_00313,6560000,673,1.0,1,0,"Gummanahalli, Bengaluru",3,14,Semi Furnished,East,4.0,Ready to Move,,False,Synthetic
SYN_00314,11730000,1698,3.0,3,1,"GM Global Techies Town, Electronic City",12,21,Semi Furnished,North,3.9,Ready to Move,,True,Synthetic
SYN_00315,46000000,2043,3.0,3,1,"Shabhari Nagar, Sahakara Nagar",5,5,Unfurnished,East,11.4,Ready to Move,,False,Synthetic
SYN_00316,18790000,1636,3.0,3,1,"Bommenahalli, Bengaluru",10,14,Semi Furnished,East,1.9,Ready to Move,,False,Synthetic
SYN_00317,7280000,709,1.0,1,1,"Boovanahalli, Bengaluru",5,19,Unfurnished,East,1.2,Ready to Move,,False,Synthetic
SYN_00318,8610000,1013,2.0,2,1,"Excellencia, Choodasandra",2,4,Semi Furnished,East,1.0,Ready to Move,,False,Synthetic
SYN_00319,7750000,1097,3.0,3,2,"Seegehalli, K R Puram",6,21,Semi Furnished,West,4.5,Ready to Move,,False,Synthetic
SYN_00320,32480000,2229,3.0,3,1,"Hosapalya, Kudlu Gate",11,14,Semi Furnished,East,1.8,Ready to Move,,False,Synthetic
SYN_00321,18320000,1393,3.0,3,1,"Dinnuru, KSRTC Colony",2,8,Fully Furnished,Unknown,0.6,Ready to Move,,False,Synthetic
SYN_00322,12660000,1035,3.0,3,2,"Balagere, Bengaluru",5,15,Semi Furnished,East,1.0,Ready to Move,,False,Synthetic
SYN_00323,86140000,2632,5.0,5,3,"One Bangalore West, Rajajinagar",2,20,Unfurnished,West,8.9,Ready to Move,,False,Synthetic
SYN_00324,13790000,1096,2.0,2,1,"Hosahalli, Bengaluru",4,5,Fully Furnished,East,2.3,Ready to Move,,False,Synthetic
SYN_00325,13880000,1342,2.0,2,2,"P&T Layout, Thanisandra",26,33,Semi Furnished,East,12.8,Ready to Move,,False,Synthetic
SYN_00326,10370000,1129,2.0,2,2,"Veer Sandra, Electronic City",38,43,Semi Furnished,East,6.0,Ready to Move,,False,Synthetic
SYN_00327,10190000,948,2.0,2,2,"Eastwood Township, Kasavanahalli",6,9,Semi Furnished,Unknown,0.9,Ready to Move,,False,Synthetic
SYN_00328,37000000,2332,4.0,4,1,"Dodsworth Layout, Whitefield",4,31,Unfurnished,Unknown,0.0,Ready to Move,,False,Synthetic
SYN_00329,14050000,1300,2.0,2,1,"Gummanahalli, Bengaluru",9,23,Fully Furnished,East,4.0,Ready to Move,,False,Synthetic
SYN_00330,36180000,1940,3.0,2,1,"6th Phase, JP Nagar",0,4,Unfurnished,East,7.2,Ready to Move,,False,Synthetic
SYN_00331,12760000,1121,2.0,2,1,"Manayata Tech Park, Thanisandra",13,23,Unfurnished,North,5.2,Ready to Move,,False,Synthetic
SYN_00332,18580000,1231,2.0,2,1,"Prakruthi Nagar, Kogilu",0,13,Fully Furnished,West,3.8,Ready to Move,,False,Synthetic
SYN_00333,43460000,3414,4.0,4,1,"Green Glen Layout, Bellandur",11,15,Unfurnished,North,6.9,Ready to Move,,False,Synthetic
SYN_00334,11360000,1455,3.0,2,2,"Coconut Grove Layout, Horamavu",37,42,Semi Furnished,West,6.9,Ready to Move,,False,Synthetic
SYN_00335,13430000,1185,2.0,2,1,"Phase I, Electronic City",1,8,Semi Furnished,South,7.5,Ready to Move,,False,Synthetic
SYN_00336,20080000,1606,3.0,3,1,"Kothnur, JP Nagar",11,14,Semi Furnished,West,8.0,Ready to Move,,False,Synthetic
SYN_00337,5190000,528,1.0,1,2,"Huvinayakanahalli, Bengaluru",10,27,Unfurnished,East,5.3,Ready to Move,,False,Synthetic
SYN_00338,10380000,1702,3.0,3,2,"Dodsworth Layout, Whitefield",5,14,Fully Furnished,East,17.0,Ready to Move,,False,Synthetic
SYN_00339,34490000,2264,4.0,4,2,"Phase 2, Tejaswini Nagar",1,4,Unfurnished,Unknown,25.6,Upcoming,2026-07-01,True,Synthetic
SYN_00340,22630000,1601,3.0,3,2,"Sarjapur, Bengaluru",3,14,Unfurnished,East,1.0,Ready to Move,,False,Synthetic
SYN_00341,8850000,1097,2.0,2,1,"Sarjapur, Bengaluru",3,4,Semi Furnished,Unknown,13.0,Ready to Move,,False,Synthetic
SYN_00342,8220000,704,1.0,1,1,"Aishwarya Crystal Layout, Begur",5,14,Unfurnished,North,7.4,Ready to Move,,False,Synthetic
SYN_00343,18060000,1545,3.0,3,1,"Virgonagar, Aavalahalli",0,25,Unfurnished,East,12.5,Upcoming,2026-12-19,True,Synthetic
SYN_00344,10010000,1098,2.0,2,1,"Madagondanahalli, Electronic City",1,19,Unfurnished,East,5.2,Ready to Move,,False,Synthetic
SYN_00345,16900000,1179,3.0,3,1,"Devasthanagalu, Varthur",9,14,Unfurnished,South,7.0,Upcoming,2028-02-29,True,Synthetic
SYN_00346,15680000,1694,3.0,3,1,"Electronic City, Bengaluru",1,5,Unfurnished,Unknown,9.5,Ready to Move,,False,Synthetic
SYN_00347,19230000,1592,3.0,3,1,"Kothnur, JP Nagar",2,4,Unfurnished,North,5.6,Ready to Move,,False,Synthetic
SYN_00348,16500000,1474,3.0,3,1,"Thirumalashettyhally, Bengaluru",4,11,Semi Furnished,East,8.8,Ready to Move,,True,Synthetic
SYN_00349,14390000,1187,2.0,2,0,"Aishwarya Crystal Layout, Begur",6,14,Unfurnished,Unknown,24.5,Ready to Move,,False,Synthetic
SYN_00350,37490000,1798,3.0,2,1,"Thigala Chowdadenahalli, Bengaluru",7,20,Semi Furnished,East,1.0,Upcoming,2026-10-13,True,Synthetic
SYN_00351,25720000,1846,3.0,3,1,"Rachenahalli, Thanisandra",14,15,Semi Furnished,Unknown,9.1,Ready to Move,,False,Synthetic
SYN_00352,14090000,1267,2.0,2,1,"Akshaya Vana, Akshayanagar",12,13,Semi Furnished,East,13.8,Ready to Move,,False,Synthetic
SYN_00353,24220000,1540,3.0,3,1,"Isha Misty Green, Chansandra",3,4,Unfurnished,North,0.3,Ready to Move,,False,Synthetic
SYN_00354,18130000,1325,3.0,3,1,"Ardendale, Kannamangala - Whitefield Hoskote Road",6,26,Semi Furnished,East,0.0,Upcoming,2029-03-25,True,Synthetic
SYN_00355,6660000,730,2.0,2,1,"DNA Eden View, Whitefield",12,20,Semi Furnished,Unknown,3.8,Ready to Move,,False,Synthetic
SYN_00356,10850000,879,2.0,2,1,"Ardendale, Kannamangala - Whitefield Hoskote Road",8,9,Unfurnished,East,2.3,Ready to Move,,True,Synthetic
SYN_00357,19350000,1344,2.0,2,1,"Muthurayya Swamy Layout, Hulimavu",6,21,Semi Furnished,East,1.5,Ready to Move,,False,Synthetic
SYN_00358,26480000,1867,3.0,3,1,"Bileshivale, Bengaluru",9,27,Semi Furnished,West,3.5,Ready to Move,,False,Synthetic
SYN_00359,17390000,1785,3.0,2,1,"Bollineni Silas, K R Puram",4,13,Semi Furnished,East,1.0,Ready to Move,,False,Synthetic
SYN_00360,14700000,1526,3.0,3,1,"V S Reddy Colony, Kadugodi",8,30,Semi Furnished,East,0.4,Ready to Move,,False,Synthetic
SYN_00361,20510000,1246,2.0,2,1,"Balagere, Bengaluru",8,12,Semi Furnished,East,7.8,Ready to Move,,False,Synthetic
SYN_00362,13480000,1196,2.0,2,1,"Prakruthi Nagar, Kogilu",2,4,Unfurnished,West,6.0,Ready to Move,,False,Synthetic
SYN_00363,28810000,1828,3.0,3,1,"Lakedew Residency- Phase 2, Harlur",8,10,Unfurnished,East,1.6,Upcoming,2026-03-23,True,Synthetic
SYN_00364,23820000,1603,3.0,2,1,"Hadosiddapura, Carmelaram",14,14,Semi Furnished,East,9.0,Ready to Move,,False,Synthetic
SYN_00365,10330000,1072,2.0,2,1,"Gunjur Village, Bengaluru",10,14,Unfurnished,Unknown,5.9,Ready to Move,,False,Synthetic
SYN_00366,17760000,1754,3.0,2,1,"7th Phase, JP Nagar",19,30,Semi Furnished,Unknown,1.0,Ready to Move,,False,Synthetic
SYN_00367,14710000,1539,3.0,3,1,"Sri Balaji Krupa Layout, R.K. Hegde Nagar",14,17,Semi Furnished,East,4.9,Upcoming,2026-09-29,True,Synthetic
SYN_00368,6260000,964,2.0,2,1,"Electronic City, Bengaluru",17,23,Semi Furnished,Unknown,5.2,Ready to Move,,False,Synthetic
SYN_00369,6550000,985,2.0,2,1,"Ganga Layout, Rayasandra",5,5,Semi Furnished,Unknown,0.6,Ready to Move,,False,Synthetic
SYN_00370,20510000,1699,3.0,3,1,"Chansandra, Bengaluru",7,11,Semi Furnished,East,15.8,Ready to Move,,False,Synthetic
SYN_00371,12660000,1243,2.0,2,2,"Seegehalli, K R Puram",10,12,Semi Furnished,West,15.0,Ready to Move,,False,Synthetic
SYN_00372,18120000,1139,3.0,2,2,"Sri Balaji Krupa Layout, R.K. Hegde Nagar",4,4,Semi Furnished,East,10.0,Ready to Move,,False,Synthetic
SYN_00373,23390000,1571,3.0,3,1,"ISRO Colony, Domlur Layout",5,5,Semi Furnished,East,10.5,Ready to Move,,False,Synthetic
SYN_00374,9360000,1052,2.0,2,1,"Ali Estate, Yelahanka",4,5,Semi Furnished,Unknown,2.0,Ready to Move,,False,Synthetic
SYN_00375,15940000,1198,2.0,2,1,"Kengeri Satellite Town, Bengaluru",29,29,Semi Furnished,East,1.7,Ready to Move,,False,Synthetic
SYN_00376,5660000,508,1.0,1,1,"Gummanahalli, Bengaluru",7,23,Unfurnished,East,1.0,Ready to Move,,False,Synthetic
SYN_00377,10440000,1206,2.0,2,1,"Dodsworth Layout, Whitefield",5,14,Unfurnished,East,25.8,Ready to Move,,False,Synthetic
SYN_00378,11630000,892,2.0,2,1,"Varthur, Bengaluru",0,4,Unfurnished,Unknown,7.3,Ready to Move,,False,Synthetic
SYN_00379,13470000,1271,2.0,2,1,"Gunjur, Bengaluru",4,4,Semi Furnished,West,5.8,Ready to Move,,False,Synthetic
SYN_00380,53580000,2305,4.0,4,3,"Nagashetty Halli, RMV Extension Stage 2",7,14,Semi Furnished,West,7.0,Ready to Move,,False,Synthetic
SYN_00381,14240000,933,2.0,2,2,"Immadihalli, Whitefield",5,27,Unfurnished,Unknown,10.8,Ready to Move,,False,Synthetic
SYN_00382,26610000,1948,3.0,3,1,"Janatha Colony, Carmelaram",6,9,Unfurnished,West,11.1,Ready to Move,,False,Synthetic
SYN_00383,19920000,1647,3.0,3,1,"V S Reddy Colony, Kadugodi",4,4,Semi Furnished,East,10.1,Ready to Move,,True,Synthetic
SYN_00384,19590000,1505,3.0,2,1,"V. Kallahalli, Bengaluru",9,16,Semi Furnished,East,3.5,Ready to Move,,False,Synthetic
SYN_00385,10320000,1454,3.0,3,4,"Varthur, Bengaluru",2,8,Unfurnished,West,0.6,Ready to Move,,False,Synthetic
SYN_00386,7760000,1170,2.0,2,1,"Plumeria, Kaggalipura",18,29,Unfurnished,Unknown,1.0,Ready to Move,,False,Synthetic
SYN_00387,9570000,1315,2.0,2,2,"Bommasandra, Bengaluru",9,39,Unfurnished,East,1.0,Ready to Move,,True,Synthetic
SYN_00388,11560000,1154,3.0,3,1,"Shriram Sameeksha, Singapura",13,22,Unfurnished,East,6.4,Ready to Move,,False,Synthetic
SYN_00389,18610000,1339,3.0,2,1,"Ardendale, Kannamangala - Whitefield Hoskote Road",0,5,Semi Furnished,East,0.6,Ready to Move,,False,Synthetic
SYN_00390,9640000,964,2.0,2,1,"Prakruthi Nagar, Kogilu",0,4,Semi Furnished,West,7.5,Ready to Move,,False,Synthetic
SYN_00391,16040000,1059,2.0,2,1,"Begur, Bengaluru",4,4,Semi Furnished,North,1.0,Ready to Move,,True,Synthetic
SYN_00392,11260000,1300,2.0,2,1,"Sector 2, HSR Layout",4,12,Semi Furnished,North,8.5,Ready to Move,,False,Synthetic
SYN_00393,13490000,921,2.0,2,1,"Virupakshapura, Bengaluru",11,14,Semi Furnished,West,4.0,Ready to Move,,False,Synthetic
SYN_00394,11940000,1124,2.0,2,0,"Varthur, Bengaluru",0,21,Semi Furnished,North,1.0,Ready to Move,,False,Synthetic
SYN_00395,11970000,1036,2.0,2,1,"Dodsworth Layout, Whitefield",0,14,Semi Furnished,North-East,5.1,Ready to Move,,False,Synthetic
SYN_00396,28900000,1825,3.0,2,1,"Panathur, Bengaluru",18,28,Semi Furnished,East,11.1,Upcoming,2026-12-31,True,Synthetic
SYN_00397,18610000,1663,3.0,3,1,"Gummanahalli, Bengaluru",11,33,Semi Furnished,Unknown,0.8,Ready to Move,,False,Synthetic
SYN_00398,12880000,1378,2.0,2,2,"Hunasamaranahalli, Bengaluru",5,11,Semi Furnished,Unknown,7.3,Ready to Move,,False,Synthetic
SYN_00399,6240000,654,1.0,1,1,"Boovanahalli, Bengaluru",17,21,Semi Furnished,East,1.3,Ready to Move,,False,Synthetic
SYN_00400,17120000,1071,3.0,3,1,"Jayasurya Nagar, Agrahara Layout",0,9,Semi Furnished,East,3.3,Ready to Move,,False,Synthetic
SYN_00401,24030000,1671,3.0,3,1,"Kasavanahalli, Bengaluru",5,21,Semi Furnished,North,15.2,Ready to Move,,False,Synthetic
SYN_00402,13000000,1484,3.0,3,1,"Phase I, Electronic City",26,30,Unfurnished,North,9.6,Ready to Move,,False,Synthetic
SYN_00403,26150000,1857,3.0,3,1,"Lakedew Residency- Phase 2, Harlur",9,15,Unfurnished,West,16.3,Ready to Move,,False,Synthetic
SYN_00404,8970000,1131,2.0,2,1,"Block A, Sahakara Nagar",4,13,Semi Furnished,Unknown,5.0,Ready to Move,,False,Synthetic
SYN_00405,19670000,1454,3.0,3,1,"Glen Classic, Devinagar",15,17,Unfurnished,East,5.4,Ready to Move,,False,Synthetic
SYN_00406,18330000,1128,2.0,2,1,"Seetharampalya, Hoodi",7,11,Semi Furnished,East,17.6,Ready to Move,,False,Synthetic
SYN_00407,20130000,1713,3.0,3,2,"4th Phase, JP Nagar",0,11,Unfurnished,East,7.7,Ready to Move,,False,Synthetic
SYN_00408,98630000,3882,4.0,4,1,"Nanjappa Garden, Horamavu",19,23,Unfurnished,East,1.3,Ready to Move,,False,Synthetic
SYN_00409,39730000,2565,3.0,3,1,"Classic Orchids Layout, Kalena Agrahara",8,14,Unfurnished,North,0.4,Ready to Move,,False,Synthetic
SYN_00410,16950000,1187,2.0,2,1,"Yadavanahalli, Bengaluru",20,24,Unfurnished,North,4.7,Ready to Move,,False,Synthetic
SYN_00411,14580000,1167,2.0,2,1,"Vasanthapura, Subramanyapura",17,29,Semi Furnished,East,1.0,Ready to Move,,False,Synthetic
SYN_00412,23510000,1226,3.0,3,1,"Rachenahalli, Mesthri Palya",7,21,Semi Furnished,North,4.5,Upcoming,2028-05-10,True,Synthetic
SYN_00413,10130000,854,2.0,2,1,"Phase I, Electronic City",21,21,Semi Furnished,East,12.0,Ready to Move,,False,Synthetic
SYN_00414,34610000,2108,4.0,4,2,"Phase 2, Whitefield",9,40,Semi Furnished,Unknown,2.1,Ready to Move,,False,Synthetic
SYN_00415,16950000,1445,3.5,4,1,"Konadasapura, Bengaluru",6,32,Unfurnished,East,3.1,Ready to Move,,False,Synthetic
SYN_00416,53480000,3470,4.0,4,1,"Sri Venkateshpura Layout, Sampigehalli",21,32,Semi Furnished,West,7.0,Ready to Move,,False,Synthetic
SYN_00417,22470000,1726,3.0,3,1,"Dommasandra, Bengaluru",24,27,Semi Furnished,Unknown,3.2,Upcoming,2029-01-21,True,Synthetic
SYN_00418,8400000,1133,2.0,2,2,"NN Farm Layout, Sanjaynagar",3,5,Unfurnished,East,1.0,Ready to Move,,False,Synthetic
SYN_00419,9010000,1085,2.0,2,1,"Utsav Raaga, Kannuru",1,4,Unfurnished,West,5.8,Ready to Move,,False,Synthetic
SYN_00420,16480000,1579,3.0,3,1,"Phase I, Electronic City",2,19,Unfurnished,East,4.3,Ready to Move,,False,Synthetic
SYN_00421,15840000,1210,2.0,2,1,"Aishwarya Crystal Layout, Begur",7,7,Semi Furnished,East,6.3,Ready to Move,,False,Synthetic
SYN_00422,20290000,1233,2.0,2,1,"B Narayanapura, Mahadevapura",3,3,Semi Furnished,North,10.0,Ready to Move,,False,Synthetic
SYN_00423,11820000,983,2.0,2,1,"Chikkakannalli, Bengaluru",2,4,Unfurnished,East,1.0,Ready to Move,,False,Synthetic
SYN_00424,16920000,1889,3.0,3,1,"Sarjapur, Bengaluru",0,12,Semi Furnished,Unknown,4.3,Upcoming,2027-02-17,True,Synthetic
SYN_00425,30380000,1974,3.0,2,1,"Varthur, Bengaluru",9,16,Semi Furnished,North,3.2,Ready to Move,,False,Synthetic
SYN_00426,13160000,1080,2.0,2,1,"Gummanahalli, Bengaluru",3,21,Unfurnished,East,16.0,Ready to Move,,False,Synthetic
SYN_00427,17910000,1031,3.0,3,1,"Bellandur Village, Bellandur",10,14,Semi Furnished,West,1.0,Ready to Move,,False,Synthetic
SYN_00428,8840000,1117,2.0,2,1,"Kaverappa Layout, Panathur",5,21,Unfurnished,North,1.2,Ready to Move,,False,Synthetic
SYN_00429,30150000,1421,3.0,3,1,"Venugopal Reddy Layout, Arakere",11,14,Semi Furnished,East,11.4,Ready to Move,,False,Synthetic
SYN_00430,12060000,1099,2.0,2,1,"Manayata Tech Park, Thanisandra",2,12,Unfurnished,East,2.3,Ready to Move,,False,Synthetic
SYN_00431,21180000,1522,3.0,3,1,"Dommasandra, Bengaluru",9,26,Unfurnished,West,0.9,Ready to Move,,False,Synthetic
SYN_00432,11750000,1095,2.0,2,1,"Phase 5, Chikkanayakanahalli, Choodasandra",7,15,Unfurnished,Unknown,1.0,Ready to Move,,False,Synthetic
SYN_00433,6020000,940,2.0,2,1,"Vijaya Bank Layout, Bilekahalli",2,4,Unfurnished,West,0.9,Ready to Move,,False,Synthetic
SYN_00434,8270000,730,2.0,2,1,"Gummanahalli, Bengaluru",15,30,Fully Furnished,North,5.0,Ready to Move,,False,Synthetic
SYN_00435,18990000,1287,2.0,2,1,"Chikkabana Halli, Bengaluru",1,35,Fully Furnished,North,3.9,Ready to Move,,False,Synthetic
SYN_00436,30380000,2185,3.0,3,1,"Stage 3, Indira Nagar",12,25,Semi Furnished,West,8.9,Ready to Move,,False,Synthetic
SYN_00437,6150000,858,2.0,2,1,"Belathur, K R Puram",0,4,Semi Furnished,East,1.2,Ready to Move,,False,Synthetic
SYN_00438,12070000,1065,2.0,2,2,"Belathur, K R Puram",0,7,Semi Furnished,West,26.0,Ready to Move,,False,Synthetic
SYN_00439,39640000,2553,4.0,4,2,"Rachenahalli, Jakkur",3,5,Semi Furnished,East,2.1,Ready to Move,,False,Synthetic
SYN_00440,15360000,1076,2.0,2,1,"Embassy Golf Links Business Park, Challaghatta",8,15,Unfurnished,Unknown,1.3,Upcoming,2026-04-09,True,Synthetic
SYN_00441,19440000,1052,3.0,3,1,"NN Farm Layout, Sanjaynagar",1,16,Unfurnished,East,1.0,Ready to Move,,False,Synthetic
SYN_00442,15800000,1210,2.0,2,1,"Kannuru, Bengaluru",0,9,Unfurnished,East,2.9,Ready to Move,,False,Synthetic
SYN_00443,29220000,1845,3.5,3,1,"Cheemasandra, Bengaluru",15,33,Semi Furnished,East,11.1,Upcoming,2027-11-19,True,Synthetic
SYN_00444,17020000,1322,2.0,2,1,"Bendiganahalli, Bengaluru",8,29,Unfurnished,Unknown,10.0,Ready to Move,,False,Synthetic
SYN_00445,22740000,2089,4.0,4,2,"Sudhama Nagar, Bengaluru",6,11,Fully Furnished,Unknown,16.4,Ready to Move,,False,Synthetic
SYN_00446,27290000,1870,3.0,3,1,"Dommasandra, Bengaluru",0,24,Unfurnished,North,6.3,Ready to Move,,False,Synthetic
SYN_00447,13860000,992,2.0,2,1,"Phase I, Electronic City",0,18,Semi Furnished,East,2.3,Ready to Move,,False,Synthetic
SYN_00448,14270000,1362,3.0,3,1,"Gummanahalli, Bengaluru",18,20,Unfurnished,East,20.3,Ready to Move,,False,Synthetic
SYN_00449,23990000,1776,3.0,3,1,"Dr.Shivaram Karanth Nagar, Jakkur",3,14,Semi Furnished,North,9.6,Ready to Move,,False,Synthetic
SYN_00450,20320000,2382,3.0,3,2,"Subramanyapura, Bengaluru",6,14,Semi Furnished,East,1.0,Upcoming,2027-04-11,True,Synthetic
SYN_00451,19050000,1441,3.0,3,1,"Chikkanagamangala, Bengaluru",12,12,Semi Furnished,North,1.7,Ready to Move,,False,Synthetic
SYN_00452,14850000,1317,2.0,2,1,"Boovanahalli, Bengaluru",4,5,Semi Furnished,East,7.5,Ready to Move,,False,Synthetic
SYN_00453,18560000,1171,2.0,2,1,"Prithvi Layout, Whitefield",6,6,Fully Furnished,East,5.0,Ready to Move,,False,Synthetic
SYN_00454,8210000,585,1.0,1,1,"Chikkabana Halli, Bengaluru",15,19,Unfurnished,Unknown,1.0,Ready to Move,,False,Synthetic
SYN_00455,19760000,1471,2.0,2,1,"Manayata Tech Park, Thanisandra",1,5,Semi Furnished,West,9.0,Ready to Move,,False,Synthetic
SYN_00456,9080000,830,2.0,2,1,"Phase 1, Whitefield",3,4,Semi Furnished,East,1.4,Ready to Move,,False,Synthetic
SYN_00457,21000000,1886,3.5,4,1,"Jyotipuram, Bengaluru",15,33,Semi Furnished,Unknown,11.0,Upcoming,2026-06-10,True,Synthetic
SYN_00458,12710000,1201,2.0,2,1,"Ramanjaneyanagar, Uttarahalli Hobli",8,10,Unfurnished,Unknown,0.5,Ready to Move,,False,Synthetic
SYN_00459,12790000,1392,2.0,2,1,"Terracon Doctors Enclave, Chandapura",1,4,Unfurnished,East,2.0,Upcoming,2026-06-10,True,Synthetic
SYN_00460,14100000,1255,3.0,3,1,"Chikkagubbi Village, Bengaluru",1,4,Semi Furnished,North,1.0,Ready to Move,,False,Synthetic
SYN_00461,12280000,994,2.5,2,1,"Thirumalashettyhally, Bengaluru",0,5,Semi Furnished,Unknown,9.0,Ready to Move,,False,Synthetic
SYN_00462,10760000,1126,3.0,2,2,"Gummanahalli, Bengaluru",6,13,Unfurnished,East,2.1,Upcoming,2028-08-30,True,Synthetic
SYN_00463,26770000,1778,3.0,2,1,"Phase I, Electronic City",13,31,Semi Furnished,East,20.0,Ready to Move,,False,Synthetic
SYN_00464,28500000,2119,3.0,2,1,"Virgonagar, Aavalahalli",25,28,Unfurnished,West,1.0,Upcoming,2028-03-23,True,Synthetic
SYN_00465,26710000,1628,3.0,3,2,"Varthur, Bengaluru",1,20,Unfurnished,Unknown,8.1,Ready to Move,,False,Synthetic
SYN_00466,7370000,730,2.0,2,2,"Chambenahalli, Bengaluru",3,7,Unfurnished,North,2.2,Ready to Move,,False,Synthetic
SYN_00467,58580000,3409,5.0,5,1,"Brookefield, Bengaluru",21,30,Unfurnished,West,3.5,Upcoming,2029-07-28,True,Synthetic
SYN_00468,41060000,1920,3.0,3,1,"Kithiganur, Kithiganur",1,21,Semi Furnished,West,7.1,Upcoming,2026-07-24,True,Synthetic
SYN_00469,39010000,2469,4.0,4,1,"9th Phase, JP Nagar",12,15,Semi Furnished,East,10.3,Ready to Move,,False,Synthetic
SYN_00470,11490000,1440,2.0,2,2,"Balagere, Bengaluru",2,22,Semi Furnished,East,22.0,Ready to Move,,False,Synthetic
SYN_00471,27250000,1378,3.0,3,1,"Gaundanapalya, Uttarahalli Hobli",17,18,Unfurnished,East,4.7,Upcoming,2026-06-01,True,Synthetic
SYN_00472,14590000,1103,2.0,2,3,"Gummanahalli, Bengaluru",1,12,Semi Furnished,North,1.2,Ready to Move,,False,Synthetic
SYN_00473,17820000,1269,3.0,2,1,"Sathya Sai Layout, Whitefield",13,18,Unfurnished,Unknown,0.3,Ready to Move,,False,Synthetic
SYN_00474,13140000,1238,2.0,2,1,"Thirumalashettyhally, Bengaluru",8,23,Semi Furnished,Unknown,5.7,Ready to Move,,False,Synthetic
SYN_00475,26040000,1993,3.5,4,2,"Nandi Durga Road Extension, Jayamahal",28,28,Unfurnished,East,26.6,Ready to Move,,False,Synthetic
SYN_00476,15320000,1460,3.0,3,2,"Bengaluru Hardware Park, Bengaluru",3,5,Semi Furnished,West,9.6,Ready to Move,,True,Synthetic
SYN_00477,20630000,1447,3.0,3,1,"Sai Sree Layout, Parappana Agrahara",5,23,Unfurnished,Unknown,10.1,Ready to Move,,False,Synthetic
SYN_00478,18550000,1301,2.0,2,1,"Gattahalli, Bengaluru",2,4,Unfurnished,East,10.0,Ready to Move,,False,Synthetic
SYN_00479,37330000,2565,3.0,3,1,"Uttarahalli -Manavarthekaval, Bengaluru",2,12,Unfurnished,West,1.9,Ready to Move,,False,Synthetic
SYN_00480,11530000,1207,2.0,2,0,"Rohan Iksha, Bhoganhalli",8,9,Unfurnished,Unknown,4.4,Ready to Move,,False,Synthetic
SYN_00481,25650000,1810,3.0,3,2,"Lakedew Residency- Phase 2, Harlur",5,5,Unfurnished,North,5.7,Ready to Move,,False,Synthetic
SYN_00482,20310000,1608,3.0,3,1,"P&T Layout, Thanisandra",11,14,Unfurnished,West,10.0,Ready to Move,,False,Synthetic
SYN_00483,36820000,2565,3.0,3,1,"Richmond Town, Bengaluru",13,38,Unfurnished,West,6.9,Ready to Move,,False,Synthetic
SYN_00484,65890000,3416,4.0,4,1,"Basavanna Nagar, K R Puram",16,30,Unfurnished,East,2.9,Ready to Move,,False,Synthetic
SYN_00485,10150000,1157,3.0,3,1,"Dommasandra, Bengaluru",3,4,Semi Furnished,South,10.0,Ready to Move,,False,Synthetic
SYN_00486,12250000,1152,2.0,2,1,"Chaithanya Samarth, Bommenahalli",4,12,Semi Furnished,West,7.2,Ready to Move,,False,Synthetic
SYN_00487,14730000,1131,2.0,2,1,"Sonnenahalli, K R Puram",8,9,Unfurnished,West,13.6,Ready to Move,,False,Synthetic
SYN_00488,8630000,1088,2.0,2,1,"Bommenahalli, Bengaluru",26,28,Semi Furnished,Unknown,6.0,Ready to Move,,False,Synthetic
SYN_00489,21980000,1668,3.0,3,1,"Judicial Layout 2nd Phase, Talaghattapura",5,8,Unfurnished,East,7.0,Ready to Move,,False,Synthetic
SYN_00490,11170000,730,2.0,2,1,"Ardendale, Kannamangala - Whitefield Hoskote Road",7,14,Semi Furnished,North,9.3,Ready to Move,,False,Synthetic
SYN_00491,5190000,636,1.0,1,1,"Lords Steps Layout, Panathur",5,7,Unfurnished,East,1.0,Upcoming,2028-06-06,True,Synthetic
SYN_00492,10370000,1129,2.0,2,1,"Gummanahalli, Bengaluru",1,16,Semi Furnished,South,0.6,Ready to Move,,False,Synthetic
SYN_00493,25410000,1958,3.0,2,1,"3G Homes Crimson Layout, Kadugodi",1,11,Semi Furnished,East,0.9,Upcoming,2026-06-14,True,Synthetic
SYN_00494,12340000,1125,2.0,2,2,"Parkway Homes, Rayasandra",3,14,Semi Furnished,East,1.2,Ready to Move,,False,Synthetic
SYN_00495,9710000,826,2.0,2,1,"Phase I, Electronic City",1,15,Semi Furnished,East,8.0,Ready to Move,,False,Synthetic
SYN_00496,19730000,1634,3.0,2,1,"Buena Vista, Bommenahalli",14,20,Unfurnished,East,1.0,Ready to Move,,False,Synthetic
SYN_00497,15670000,1649,3.0,2,2,"Sarjapur, Bengaluru",12,15,Semi Furnished,North,10.3,Ready to Move,,False,Synthetic
SYN_00498,43330000,2629,4.5,5,2,"Jakkur, Bengaluru",1,34,Semi Furnished,North,6.3,Ready to Move,,False,Synthetic
SYN_00499,8920000,1031,3.0,3,1,"Chikkakannalli, Bengaluru",2,5,Unfurnished,Unknown,4.8,Upcoming,2026-03-24,True,Synthetic
SYN_00500,12680000,1031,3.0,3,1,"Bellandur, Bengaluru",28,32,Unfurnished,North,14.0,Ready to Move,,True,Synthetic
